{"loss": [20372.701432291666, 20123.9265625, 20025.108072916668, 19850.142317708334, 19749.334895833334, 19649.333463541665, 19570.26015625, 19523.0828125, 19434.697005208334, 19369.444791666665, 19320.341796875, 19260.968880208333, 19218.081901041667, 19162.4140625, 19109.636848958333, 19061.981119791668, 19016.125, 18975.942578125, 18940.1921875, 18907.471875, 18876.22109375, 18851.077213541666, 18826.960026041666, 18804.158854166668, 18783.038802083334, 18761.319270833334, 18743.917578125, 18732.313541666666, 18731.239973958334, 18728.513541666667, 18727.444401041666, 18726.740755208335, 18724.349739583333, 18723.588671875, 18722.737760416665, 18721.592578125, 18720.951041666667, 18720.302864583333, 18720.994791666668, 18721.448307291666], "valid_acc": [0.5578947368421052, 0.4198174706649283, 0.41637010676156583, 0.3917995444191344, 0.6175869120654397, 0.5567729083665338, 0.6059285091543156, 0.6877956480605487, 0.7150943396226415, 0.4764505119453925, 0.7909663865546218, 0.8997093023255814, 0.8235294117647058, 0.8385360602798708, 0.8665919282511211, 0.8507625272331155, 0.8530701754385965, 0.8558855885588559, 0.8541893362350381, 0.8715083798882681, 0.8408602150537634, 0.8870056497175142, 0.8615384615384616, 0.875, 0.8709677419354839, 0.8650442477876106, 0.8661588683351469, 0.8779134295227525, 0.8768197088465846, 0.879424778761062, 0.8825503355704698, 0.8784838350055741, 0.8761061946902655, 0.8775055679287305, 0.8802660753880266, 0.8791574279379157, 0.8802660753880266, 0.8802660753880266, 0.8790233074361821, 0.8790233074361821], "valid_recall": [0.05843439911797133, 0.35501653803748623, 0.515986769570011, 0.5689084895259096, 0.6659316427783903, 0.6163175303197354, 0.7662624035281147, 0.8015435501653804, 0.8357221609702316, 0.7695700110253583, 0.8302094818081588, 0.6824696802646086, 0.86438809261301, 0.8588754134509372, 0.8522601984564498, 0.8610804851157663, 0.8577728776185226, 0.8577728776185226, 0.8654906284454245, 0.8599779492833517, 0.8621830209481808, 0.8654906284454245, 0.86438809261301, 0.8721058434399118, 0.8632855567805954, 0.8621830209481808, 0.8776185226019846, 0.8721058434399118, 0.8632855567805954, 0.87651598676957, 0.8699007717750827, 0.8687982359426681, 0.8732083792723263, 0.8687982359426681, 0.8754134509371555, 0.8743109151047409, 0.8754134509371555, 0.8754134509371555, 0.8732083792723263, 0.8732083792723263], "valid_f1": [0.10578842315369262, 0.38470728793309433, 0.4608567208271787, 0.4640287769784172, 0.6408488063660478, 0.585034013605442, 0.6767283349561831, 0.740325865580448, 0.7707168276563293, 0.5885328836424958, 0.8101129639591178, 0.7761755485893418, 0.8434642280796127, 0.8485838779956426, 0.859366314619233, 0.8558904109589041, 0.8554150632215503, 0.8568281938325991, 0.8598028477546551, 0.8657047724750276, 0.8513881328252585, 0.8761160714285714, 0.8629609246009906, 0.8735505245720596, 0.867109634551495, 0.8636112644947542, 0.8718510405257394, 0.875, 0.87, 0.8779679734953064, 0.8761799000555247, 0.8736141906873615, 0.8746548868028713, 0.8731301939058171, 0.8778330569375346, 0.8767274737423991, 0.8778330569375346, 0.8778330569375346, 0.8761061946902655, 0.8761061946902655], "valid_loss": [20258.998046875, 20182.255859375, 20006.853515625, 19854.09765625, 19719.8984375, 19623.681640625, 19578.619140625, 19476.587890625, 19402.04296875, 19363.19921875, 19268.6796875, 19237.67578125, 19173.232421875, 19116.291015625, 19061.185546875, 19017.99609375, 18970.171875, 18935.48828125, 18898.0625, 18868.990234375, 18838.060546875, 18812.859375, 18789.7890625, 18768.947265625, 18745.060546875, 18724.341796875, 18705.96484375, 18705.609375, 18702.890625, 18700.34375, 18699.568359375, 18698.232421875, 18697.326171875, 18695.7734375, 18695.07421875, 18694.193359375, 18693.876953125, 18693.634765625, 18693.484375, 18693.4375]}