{"loss": [20388.9953125, 20184.730598958333, 20051.244401041666, 19879.926171875, 19770.231901041665, 19671.501302083332, 19598.054166666665, 19529.912890625, 19463.161067708334, 19400.984895833335, 19337.2359375, 19273.816927083335, 19219.121484375, 19169.195572916666, 19125.824869791668, 19078.582291666666, 19031.919791666667, 18988.85703125, 18950.437630208333, 18914.911328125, 18880.988802083335, 18852.056640625, 18824.838541666668, 18799.885286458335, 18777.248828125, 18756.406901041668, 18745.923567708334, 18742.959244791666, 18741.416145833333, 18739.769010416665, 18738.148046875, 18737.241927083334, 18735.360026041668, 18735.623177083333, 18734.972395833334, 18734.339192708332, 18734.511197916665, 18734.001171875, 18735.26640625, 18734.746354166666], "valid_acc": [0.4857142857142857, 0.5181644359464627, 0.4659217877094972, 0.4711992445703494, 0.7272727272727273, 0.7017543859649122, 0.8106312292358804, 0.7389969293756398, 0.8225629791894852, 0.7987486965589156, 0.8498871331828443, 0.859608745684695, 0.9228915662650602, 0.9193548387096774, 0.8910550458715596, 0.9286563614744352, 0.9346793349168646, 0.9390681003584229, 0.9415274463007159, 0.933253873659118, 0.9449101796407186, 0.9415971394517283, 0.9346793349168646, 0.9323843416370107, 0.9348341232227488, 0.9303423848878394, 0.9334916864608076, 0.9383155397390273, 0.9337278106508876, 0.9383886255924171, 0.9372037914691943, 0.933649289099526, 0.9358669833729216, 0.9382422802850356, 0.9382422802850356, 0.9370546318289786, 0.9370546318289786, 0.9347568208778173, 0.9359430604982206, 0.9359430604982206], "valid_recall": [0.09964830011723329, 0.31770222743259086, 0.488862837045721, 0.5849941383352872, 0.7409144196951934, 0.7971864009378663, 0.8581477139507621, 0.8464243845252052, 0.88042203985932, 0.8980070339976554, 0.8827667057444314, 0.8757327080890973, 0.8980070339976554, 0.8686987104337632, 0.9109026963657679, 0.9155920281359906, 0.9226260257913247, 0.9214536928487691, 0.9249706916764361, 0.917936694021102, 0.9249706916764361, 0.9261430246189918, 0.9226260257913247, 0.9214536928487691, 0.9249706916764361, 0.9237983587338804, 0.9214536928487691, 0.9273153575615475, 0.9249706916764361, 0.9284876905041032, 0.9273153575615475, 0.9237983587338804, 0.9237983587338804, 0.9261430246189918, 0.9261430246189918, 0.9249706916764361, 0.9249706916764361, 0.9237983587338804, 0.9249706916764361, 0.9249706916764361], "valid_f1": [0.16536964980544747, 0.39389534883720934, 0.477116704805492, 0.5219665271966527, 0.7340301974448316, 0.7464324917672885, 0.8337129840546696, 0.789071038251366, 0.8505096262740656, 0.8454746136865343, 0.8660149511213341, 0.867595818815331, 0.9102792632204396, 0.8933092224231465, 0.9008695652173914, 0.9220779220779222, 0.9286135693215338, 0.9301775147928995, 0.9331756357185097, 0.9255319148936171, 0.9348341232227487, 0.933806146572104, 0.9286135693215338, 0.9268867924528303, 0.929876252209782, 0.9270588235294117, 0.9274336283185841, 0.9327830188679245, 0.9293286219081272, 0.9334119033588686, 0.9322333529758398, 0.928697701826753, 0.9297935103244838, 0.9321533923303835, 0.9321533923303835, 0.9309734513274337, 0.9309734513274337, 0.9292452830188679, 0.9304245283018867, 0.9304245283018867], "valid_loss": [20234.76953125, 20255.337890625, 19973.16015625, 19829.6171875, 19692.921875, 19620.89453125, 19534.576171875, 19475.26953125, 19394.509765625, 19341.6953125, 19273.16015625, 19212.474609375, 19155.39453125, 19109.759765625, 19062.3046875, 19010.7421875, 18966.69140625, 18922.626953125, 18883.9296875, 18848.79296875, 18815.671875, 18788.412109375, 18760.4296875, 18735.9296875, 18712.251953125, 18692.478515625, 18689.859375, 18689.541015625, 18686.978515625, 18684.96484375, 18683.984375, 18683.634765625, 18682.6953125, 18681.6875, 18681.666015625, 18681.587890625, 18681.400390625, 18681.234375, 18681.19140625, 18681.171875]}