{"loss": [20402.904166666667, 20176.286848958334, 19993.537630208335, 19866.41015625, 19763.019791666666, 19661.177734375, 19574.794140625, 19497.5546875, 19427.052604166667, 19384.045833333334, 19305.9578125, 19246.54296875, 19189.194140625, 19134.749088541666, 19083.998567708335, 19037.99453125, 18996.229166666668, 18958.790885416667, 18925.127083333333, 18892.788541666665, 18873.048046875, 18869.334765625, 18866.692838541665, 18863.475911458332, 18861.275651041666, 18859.101432291667, 18858.278125, 18856.271875, 18855.47265625, 18855.121484375, 18854.882421875, 18854.60390625, 18853.147005208335, 18853.97109375, 18852.799088541666, 18853.528645833332, 18853.023828125, 18852.949088541667, 18853.669140625, 18853.420572916668], "valid_acc": [0.6792452830188679, 0.4390602055800294, 0.3625110521662246, 0.47368421052631576, 0.5344644750795334, 0.735330836454432, 0.7142857142857143, 0.8115183246073299, 0.5536332179930796, 0.7981888745148771, 0.8565459610027855, 0.8626907073509015, 0.8509485094850948, 0.8654390934844193, 0.8976945244956772, 0.8532608695652174, 0.8229974160206718, 0.8861671469740634, 0.8559556786703602, 0.8600823045267489, 0.8589385474860335, 0.871012482662968, 0.8652777777777778, 0.8666666666666667, 0.8626907073509015, 0.8676880222841226, 0.8692628650904033, 0.8668515950069348, 0.8668515950069348, 0.8682385575589459, 0.8682385575589459, 0.8666666666666667, 0.8682385575589459, 0.8666666666666667, 0.8666666666666667, 0.8666666666666667, 0.8666666666666667, 0.8666666666666667, 0.8666666666666667, 0.8666666666666667], "valid_recall": [0.05006954102920723, 0.41585535465924894, 0.5702364394993046, 0.5507649513212796, 0.7009735744089013, 0.8191933240611962, 0.8066759388038943, 0.8623087621696801, 0.6675938803894298, 0.8581363004172462, 0.8553546592489569, 0.8650904033379694, 0.8734353268428373, 0.8497913769123783, 0.866481223922114, 0.8734353268428373, 0.885952712100139, 0.8553546592489569, 0.8595271210013908, 0.8720445062586927, 0.8553546592489569, 0.8734353268428373, 0.866481223922114, 0.8678720445062587, 0.8650904033379694, 0.866481223922114, 0.8692628650904033, 0.8692628650904033, 0.8692628650904033, 0.8706536856745479, 0.8706536856745479, 0.8678720445062587, 0.8706536856745479, 0.8678720445062587, 0.8678720445062587, 0.8678720445062587, 0.8678720445062587, 0.8678720445062587, 0.8678720445062587, 0.8678720445062587], "valid_f1": [0.09326424870466321, 0.42714285714285716, 0.4432432432432432, 0.5093247588424438, 0.6064981949458483, 0.7750000000000001, 0.7576747224036577, 0.8361429534726904, 0.605296343001261, 0.8270777479892761, 0.8559498956158664, 0.8638888888888889, 0.8620452985586822, 0.8575438596491227, 0.8818117480537863, 0.8632302405498282, 0.8533154722036168, 0.8704883227176221, 0.8577376821651631, 0.866022099447514, 0.8571428571428571, 0.8722222222222222, 0.8658790826963169, 0.86726893676164, 0.8638888888888889, 0.8670842032011135, 0.8692628650904033, 0.8680555555555555, 0.8680555555555555, 0.8694444444444445, 0.8694444444444445, 0.86726893676164, 0.8694444444444445, 0.86726893676164, 0.86726893676164, 0.86726893676164, 0.86726893676164, 0.86726893676164, 0.86726893676164, 0.86726893676164], "valid_loss": [20258.916015625, 20089.126953125, 19946.369140625, 19808.916015625, 19699.78515625, 19600.966796875, 19519.302734375, 19439.263671875, 19402.58984375, 19310.240234375, 19246.8203125, 19186.677734375, 19132.435546875, 19077.751953125, 19030.08203125, 18981.84375, 18943.224609375, 18908.119140625, 18868.8359375, 18840.10546875, 18835.197265625, 18832.45703125, 18830.009765625, 18827.873046875, 18825.306640625, 18823.751953125, 18822.591796875, 18821.783203125, 18820.96875, 18820.556640625, 18820.341796875, 18819.947265625, 18819.8359375, 18819.73828125, 18819.611328125, 18819.484375, 18819.443359375, 18819.421875, 18819.3984375, 18819.390625]}