{"loss": [20620.56640625, 20175.422005208333, 20056.678255208335, 19901.51171875, 19783.114322916666, 19675.542317708332, 19605.729427083334, 19525.57578125, 19458.756119791666, 19404.250520833335, 19358.940234375, 19311.079947916667, 19253.55234375, 19201.982161458334, 19153.5875, 19107.643098958335, 19064.03359375, 19023.441927083335, 18988.308854166666, 18954.577864583334, 18922.26953125, 18893.172265625, 18864.673697916667, 18839.320963541668, 18816.417708333334, 18796.599348958334, 18777.798046875, 18759.134635416667, 18743.71015625, 18729.665755208334, 18717.1890625, 18706.206510416665, 18696.533854166668, 18691.236588541666, 18690.155208333334, 18688.852864583332, 18688.976432291667, 18687.440494791666, 18687.710807291667, 18687.017838541666], "valid_acc": [0.22211808809746955, 0.49534883720930234, 0.37384615384615383, 0.3703339882121807, 0.5722748815165877, 0.40602189781021897, 0.5983827493261455, 0.6343713956170703, 0.7294751009421265, 0.6970899470899471, 0.6399521531100478, 0.7565104166666666, 0.7774762550881954, 0.8133140376266281, 0.8264705882352941, 0.844776119402985, 0.8271954674220963, 0.8137254901960784, 0.8, 0.8401697312588402, 0.8269230769230769, 0.8294036061026352, 0.8307905686546463, 0.8383977900552486, 0.8415147265077139, 0.8397790055248618, 0.8451882845188284, 0.8413793103448276, 0.8367626886145405, 0.8337912087912088, 0.8416666666666667, 0.8376891334250344, 0.8432732316227461, 0.8395573997233748, 0.8365384615384616, 0.837465564738292, 0.8390646492434664, 0.8388429752066116, 0.8388429752066116, 0.8388429752066116], "valid_recall": [0.32689655172413795, 0.29379310344827586, 0.3351724137931035, 0.52, 0.6662068965517242, 0.6137931034482759, 0.6124137931034482, 0.7586206896551724, 0.7475862068965518, 0.7268965517241379, 0.7379310344827587, 0.8013793103448276, 0.7903448275862069, 0.7751724137931034, 0.7751724137931034, 0.7806896551724138, 0.8055172413793104, 0.8013793103448276, 0.8275862068965517, 0.8193103448275862, 0.8303448275862069, 0.8248275862068966, 0.8262068965517242, 0.8372413793103448, 0.8275862068965517, 0.8386206896551724, 0.8358620689655173, 0.8413793103448276, 0.8413793103448276, 0.8372413793103448, 0.8358620689655173, 0.84, 0.8386206896551724, 0.8372413793103448, 0.84, 0.8386206896551724, 0.8413793103448276, 0.84, 0.84, 0.84], "valid_f1": [0.2645089285714286, 0.3688311688311689, 0.35345454545454547, 0.4325874928284566, 0.6156787762906311, 0.4887424492037342, 0.6053169734151329, 0.6909547738693468, 0.7384196185286105, 0.7116812964213369, 0.6854580397181295, 0.7782987273945076, 0.7838577291381669, 0.7937853107344633, 0.7999999999999999, 0.8114695340501793, 0.8162124388539482, 0.8075052119527449, 0.8135593220338982, 0.8296089385474861, 0.8286304198210598, 0.8271092669432919, 0.8284923928077456, 0.8378191856452726, 0.8344923504867872, 0.8391994478951001, 0.8404993065187241, 0.8413793103448276, 0.8390646492434664, 0.8355127322780456, 0.8387543252595155, 0.8388429752066116, 0.8409405255878286, 0.8383977900552486, 0.8382656572608397, 0.8380427291523087, 0.8402203856749312, 0.839421088904204, 0.839421088904204, 0.839421088904204], "valid_loss": [20190.0, 20166.759765625, 19997.15625, 19840.123046875, 19721.849609375, 19640.65234375, 19565.67578125, 19486.6953125, 19410.85546875, 19359.060546875, 19344.25390625, 19255.80859375, 19201.826171875, 19146.169921875, 19106.64453125, 19053.951171875, 19013.5234375, 18977.486328125, 18942.36328125, 18906.462890625, 18877.86328125, 18848.671875, 18821.626953125, 18796.068359375, 18774.064453125, 18752.22265625, 18734.791015625, 18716.365234375, 18702.57421875, 18690.404296875, 18679.01171875, 18667.673828125, 18655.984375, 18656.421875, 18656.259765625, 18654.78515625, 18653.953125, 18653.724609375, 18653.642578125, 18653.6015625]}