{"loss": [20582.965364583335, 20207.845833333333, 20040.518098958335, 19929.365885416668, 19793.095572916667, 19715.681510416667, 19608.886458333334, 19540.182552083334, 19483.8328125, 19420.179296875, 19387.45703125, 19332.893880208332, 19283.636067708332, 19232.654036458334, 19184.8015625, 19138.267578125, 19094.408463541666, 19053.294270833332, 19014.786979166667, 18981.202994791667, 18948.8578125, 18919.051041666666, 18891.087760416667, 18866.084114583333, 18842.491015625, 18821.81484375, 18802.955208333333, 18785.472786458333, 18769.888541666667, 18759.613671875, 18758.16484375, 18756.527083333334, 18755.25703125, 18754.557421875, 18753.6890625, 18751.578776041668, 18752.240364583333, 18750.207291666666, 18750.442838541665, 18749.913802083334], "valid_acc": [0.3205574912891986, 0.37725118483412323, 0.49063670411985016, 0.4636542239685658, 0.37517053206002726, 0.7800237812128419, 0.7728337236533958, 0.794228356336261, 0.7536842105263157, 0.7203791469194313, 0.7044989775051125, 0.8478260869565217, 0.9105914718019257, 0.9327846364883402, 0.8848484848484849, 0.8761904761904762, 0.8554641598119859, 0.8902439024390244, 0.9155844155844156, 0.8769414575866189, 0.9148936170212766, 0.9061728395061729, 0.9045848822800495, 0.9146039603960396, 0.9208542713567839, 0.9078624078624079, 0.9188846641318125, 0.9110012360939431, 0.9166666666666666, 0.9069767441860465, 0.9146039603960396, 0.9105392156862745, 0.9124537607891492, 0.9147095179233622, 0.9124537607891492, 0.9113300492610837, 0.90920245398773, 0.9089790897908979, 0.9102091020910209, 0.9113300492610837], "valid_recall": [0.33865030674846625, 0.4883435582822086, 0.1607361963190184, 0.5791411042944785, 0.6748466257668712, 0.8049079754601227, 0.8098159509202454, 0.7766871165644171, 0.8785276073619632, 0.7460122699386503, 0.845398773006135, 0.8613496932515338, 0.8122699386503067, 0.8343558282208589, 0.8957055214723927, 0.9030674846625767, 0.8932515337423312, 0.8957055214723927, 0.8650306748466258, 0.9006134969325154, 0.8969325153374234, 0.9006134969325154, 0.8957055214723927, 0.9067484662576687, 0.8993865030674847, 0.9067484662576687, 0.8895705521472392, 0.9042944785276074, 0.9042944785276074, 0.90920245398773, 0.9067484662576687, 0.9116564417177914, 0.9079754601226994, 0.9079754601226994, 0.9079754601226994, 0.9079754601226994, 0.90920245398773, 0.9067484662576687, 0.9079754601226994, 0.9079754601226994], "valid_f1": [0.32935560859188545, 0.425668449197861, 0.2421441774491682, 0.5150027277686852, 0.48224462954844366, 0.7922705314009663, 0.7908927501497902, 0.7853598014888338, 0.8113314447592068, 0.7329716696805304, 0.7685443390964862, 0.8545343883140596, 0.8586251621271077, 0.8808290155440415, 0.8902439024390244, 0.8894259818731117, 0.8739495798319328, 0.8929663608562691, 0.889589905362776, 0.8886198547215497, 0.9058240396530359, 0.9033846153846155, 0.9001233045622689, 0.9106592729513248, 0.909993792675357, 0.907305095150399, 0.9039900249376559, 0.9076354679802955, 0.9104385423100678, 0.9080882352941176, 0.9106592729513248, 0.9110974862047823, 0.9102091020910208, 0.9113300492610837, 0.9102091020910208, 0.9096496619545176, 0.90920245398773, 0.9078624078624079, 0.9090909090909091, 0.9096496619545176], "valid_loss": [20293.447265625, 20165.50390625, 20081.353515625, 19873.478515625, 19826.337890625, 19637.44140625, 19561.482421875, 19498.958984375, 19437.666015625, 19399.30078125, 19322.0, 19272.75, 19218.603515625, 19169.92578125, 19123.83984375, 19073.947265625, 19034.505859375, 18996.775390625, 18950.921875, 18926.140625, 18886.552734375, 18861.837890625, 18832.291015625, 18808.15234375, 18785.01953125, 18766.76171875, 18748.15234375, 18729.017578125, 18711.359375, 18710.224609375, 18708.32421875, 18707.650390625, 18706.9375, 18705.091796875, 18705.31640625, 18704.755859375, 18704.267578125, 18703.849609375, 18703.177734375, 18703.109375]}